{
  "current-scene": "fe07731c-4bca-47d2-a558-e2e8377b2d4a",
  "gizmos-infos": {
    "iconGizmoSize": 2,
    "isGridVisible": true,
    "isIconGizmo3D": false
  },
  "camera-infos": {
    "af381a62-9b6c-4608-9eb6-c930e2b41de0": {
      "position": {
        "x": 468.35674065218467,
        "y": 307.57897614092496,
        "z": 1000
      },
      "rotation": {
        "w": 1,
        "x": 0,
        "y": 0,
        "z": 0
      },
      "viewCenter": {
        "x": 0.076814767889958,
        "y": 0.040824829046387734,
        "z": -0.1176395969363444
      }
    },
    "dc927026-e2a9-4beb-8614-9de0067d562f": {
      "position": {
        "x": 480,
        "y": 320,
        "z": 1000
      },
      "rotation": {
        "w": 1,
        "x": 0,
        "y": 0,
        "z": 0
      },
      "viewCenter": {
        "x": 0.076814767889958,
        "y": 0.040824829046387734,
        "z": -0.1176395969363444
      }
    },
    "f46876e4-e81b-4931-b493-6d367be385e7": {
      "position": {
        "x": 50,
        "y": 50,
        "z": 50
      },
      "rotation": {
        "w": 0.8804762392171493,
        "x": -0.27984814233312133,
        "y": 0.3647051996310009,
        "z": 0.11591689595929514
      },
      "viewCenter": {
        "x": 0,
        "y": 0,
        "z": 0
      }
    },
    "fe07731c-4bca-47d2-a558-e2e8377b2d4a": {
      "position": {
        "x": 480,
        "y": 320,
        "z": 1000
      },
      "rotation": {
        "w": 1,
        "x": 0,
        "y": 0,
        "z": 0
      },
      "viewCenter": {
        "x": 0.076814767889958,
        "y": 0.040824829046387734,
        "z": -0.1176395969363444
      }
    }
  },
  "camera-uuids": [
    "fe07731c-4bca-47d2-a558-e2e8377b2d4a"
  ]
}
